ID,count
0,1148.7294190894313
1,1089.6332115851744
2,818.2837018686823
3,839.3332526455853
4,166.49918245636388
5,180.835522062434
6,573.0034017563075
7,595.0304739735332
8,509.9888082161282
9,455.76543823559285
10,805.0555513214274
11,874.6655046180518
12,876.9607420968013
13,939.5265011002115
14,658.9138672018788
15,742.9328511014309
16,1189.7045805209032
17,1242.6557432447548
18,291.8173175620588
19,383.11584375030424
20,1327.7784979713274
21,1321.653874570371
22,1300.1641787149895
23,1207.9987718713385
24,334.3658521909728
25,327.6428934142861
26,656.7669287156789
27,700.8381937225064
28,1730.2159459081404
29,1818.4022126047219
30,349.95057394682436
31,412.7641297715817
32,312.31104238998677
33,258.44987024750833
34,431.031842721725
35,437.99199720619526
36,437.3323188004726
37,566.4016067751091
38,1011.7846348457192
39,997.2581273261582
40,337.8000236033543
41,425.0613523909412
42,1319.1958350558696
43,1464.0408043540472
44,1031.6996038839943
45,1069.307596602251
46,275.10254461689743
47,320.75475772044456
48,715.5268604864373
49,678.7010738447474
50,507.17330131544855
51,574.1769274028132
52,881.4948086733145
53,990.658486415048
54,1013.1717101543231
55,1019.8189465416556
56,754.8927623917592
57,893.3826796555559
58,1531.1993699760787
59,1522.6705229617626
60,370.7276851646559
61,352.25857849556104
62,1713.7971281440227
63,1874.8683146652368
64,1207.26294201742
65,1344.0618865716467
66,319.79733853019684
67,364.30221067951123
68,798.7643708083094
69,776.0169294152556
70,1820.7698142823638
71,2062.392761290183
72,404.72342515411634
73,464.40784738320457
74,326.3014461113829
75,372.8906261850828
76,654.3430500166894
77,676.2983592379467
78,464.8209548743916
79,393.07962409737655
80,1095.4484839116394
81,1196.9913236973264
82,512.9360560339927
83,527.657747998578
84,2104.979334889849
85,2268.889346789003
86,1669.9247949117823
87,1733.9121632989
88,445.9799978298177
89,423.828089606484
90,1082.2209878064862
91,1152.8428239421094
92,783.7382100032555
93,843.2946122874544
94,1331.818938915852
95,1341.1372258887275
96,1393.8943019706676
97,1430.9901284688062
98,1169.728779865829
99,1263.9841413726804
100,1775.8405355251257
101,1921.5576816563012
102,498.4293294114942
103,496.2707999413381
104,2601.2951849404326
105,2607.035682975262
106,1509.2053509393168
107,1579.9342191099317
108,568.1718339136708
109,576.3972142428216
110,1162.1122142321176
111,1156.6808724679775
112,2721.5618604542656
113,2596.6758662836623
114,634.762500599191
115,597.6708153028467
116,518.3233491898023
117,520.1552256515722
118,981.7746817259231
119,1069.5687915773185
120,452.59241692500575
121,614.2838967487882
122,1751.5911073587972
123,1642.8116508395435
124,816.5003203304657
125,799.2766657417245
126,4203.337245856254
127,4454.239982384251
128,3224.8371417437065
129,3164.3196850769627
130,880.0015526819724
131,950.0564596441271
132,2149.499256999641
133,2052.460886431375
134,2062.8306025888646
135,2260.752105680544
136,3158.042971956039
137,2947.9992444028894
138,3631.2650108505873
139,3845.2244094915004
140,3078.0614563267454
141,5226.360721416522
142,4123.586349361723
143,4536.018355561422
144,1126.464547954069
145,1395.4271398083185
146,4019.2346618628944
147,3927.0848272784074
148,3988.3343644038478
149,3547.569481466389
150,1158.9382146886778
151,1280.3612881176743
152,2563.0311379517593
153,2984.9627930483684
154,5824.535978127509
155,5908.268179348094
156,1872.213181146577
157,1997.6645839652344
158,1235.1669097185152
159,1397.4875249947352
160,2308.6285734619005
161,2882.4344585011368
162,2158.418722864343
163,2162.049517372316
164,4402.258245058353
165,4177.019521671845
166,1134.2772934375607
167,1187.9375477769902
168,9504.293042962407
169,8976.375284553405
170,8685.410349686037
171,7250.255232024967
172,2463.9600598388806
173,2102.0347153871576
174,5594.13959004238
175,4640.4082406849875
176,5333.028588576219
177,4390.23339573439
178,7015.945159512694
179,6508.85988619422
180,7433.689204633692
181,8679.672473654398
182,7755.022952642741
183,10390.713011409487
184,9603.532419853751
185,10448.891629163934
186,2305.382404932917
187,3328.138544582676
188,10062.959263217796
189,8669.071813974466
190,7409.283010753329
191,6391.886581073959
192,2794.8463157392007
193,2826.9233177943197
194,5675.214584491018
195,6732.415344634408
196,12670.591840322602
197,12920.75020511019
198,4698.888123457216
199,4112.35791387543
200,2894.721846670225
201,2436.2075489750473
202,5896.873503798268
203,5965.104007326507
204,3642.4461241565364
205,3328.8227276629023
206,10057.28422031115
207,8223.960262787385
208,3149.281599485438
209,2798.7304197689714
210,4882.891841440388
211,2534.6372560624304
212,4709.455253641705
213,2679.5089579058645
214,1424.329075743579
215,697.6224248146336
216,4393.058504571021
217,2368.827445074173
218,4598.596143637802
219,1766.6865935351004
220,4328.001456135781
221,1949.9206553282754
222,3133.8170052503497
223,1678.3622891694597
224,3766.763354140179
225,1825.372859102307
226,4063.1300437079594
227,2162.5894649045363
228,856.9009196456083
229,503.14634278500245
230,3779.776788807784
231,2040.5234428121553
232,2113.2224904501318
233,1117.7176962312813
234,1220.1997715233292
235,650.656635900653
236,1997.5478228746404
237,1255.3721741684028
238,4641.332989294593
239,2861.5607326548675
240,2707.972236150863
241,1099.2994128267746
242,2399.1185373132507
243,1031.3789105443395
244,5236.593966992448
245,2424.167500225002
246,1822.9841071120763
247,895.2690796944579
248,6312.4464181566145
249,2655.885420377371
250,1378.5620963017748
251,791.721135577701
252,1382.136606574232
253,1350.4919711433636
254,1048.354329147753
255,1065.9794514026614
256,220.43483766946687
257,238.4590516802385
258,708.4745399285897
259,728.638411406918
260,614.8958855308675
261,578.9692122394392
262,991.6009499885336
263,1065.5363670800416
264,1064.5248998822592
265,1118.3906807362437
266,812.169771525523
267,905.6065778987852
268,1443.2859594826398
269,1494.0622589144323
270,346.5305159500684
271,432.48534783468887
272,1628.9098033405548
273,1683.5800585923134
274,1501.3930806380697
275,1452.2813383731614
276,398.7945316109652
277,401.74403043275885
278,802.1341791495439
279,853.5089588995374
280,2077.6557037895896
281,2197.8064060778456
282,441.52875479689
283,508.43519659869935
284,383.5498749641714
285,339.3548427940248
286,572.0689434833399
287,583.7384869182208
288,519.6721396394387
289,641.8510215027063
290,1238.011377613743
291,1257.546299692666
292,441.1998079944289
293,520.6832605766427
294,1314.227892092434
295,1465.1474404790677
296,1033.4365449370578
297,1074.6139539440549
298,277.7416358786368
299,311.81290212965007
300,706.019763760074
301,678.3693050971199
302,503.0656000549688
303,566.1728664749862
304,896.0219277336201
305,977.0922979648718
306,991.7303653267782
307,999.954831371565
308,750.0715081414733
309,872.816423196671
310,1475.823469376948
311,1470.8404210535386
312,363.82859142926384
313,348.19067969726694
314,1722.851817397522
315,1851.0886736635907
316,1172.2875396316624
317,1285.8681870233077
318,327.29070423497495
319,355.3267887581417
320,780.7208339570286
321,762.4079519750705
322,1816.1721044423045
323,1997.4486708808272
324,396.5243641939015
325,445.80896869295975
326,323.4088077030514
327,358.5805503898751
328,645.6266241801114
329,689.5131690841702
330,440.48333629235594
331,389.69780931374396
332,1087.4336658617376
333,1177.0599192256232
334,529.7517542173849
335,553.8940352614601
336,2026.6498259182263
337,2136.1885791135996
338,1566.0039193701818
339,1635.3873547387677
340,446.02422223071375
341,422.13482241418876
342,1037.798834709152
343,1096.9909361308387
344,765.6803164464428
345,815.780930344351
346,1261.9119953468944
347,1274.3007485634735
348,1317.9090883888134
349,1356.149303272973
350,1149.3235767072306
351,1244.864875010442
352,1711.7766954013177
353,1845.8588054022407
354,485.9170949755717
355,476.63546470967106
356,2413.0849208871996
357,2418.381584852647
358,1423.5786934395637
359,1473.7054075009698
360,543.7697549544383
361,560.7552828610808
362,1118.4080818057657
363,1097.9579218270705
364,2558.9830290420596
365,2461.5417601944446
366,611.5770882301658
367,590.7467051815077
368,495.54139533418993
369,502.6680142905481
370,963.5539095394341
371,1035.0142682148191
372,438.9668236088929
373,575.3048155161205
374,1653.01122926379
375,1573.9145022375333
376,744.3991457634171
377,741.9197327278829
378,4339.522679021774
379,4561.616398551418
380,3463.8478112548414
381,3407.3092629265675
382,901.168548401898
383,1015.8909748534153
384,2255.1457655058275
385,2181.551543887521
386,2174.6138670216915
387,2339.558017996172
388,3312.617551872218
389,3112.11957375509
390,3938.399411514191
391,4223.871957850098
392,3181.4694469622286
393,5317.890254025216
394,4289.419444870964
395,4752.883193517946
396,1152.6926499162273
397,1463.3984523771323
398,4405.441337907017
399,4201.351054601431
400,4217.9168319667415
401,3772.067273029965
402,1216.7244911712976
403,1342.0385561339383
404,2702.873129328704
405,3106.9613966242273
406,6165.6176630324835
407,6239.584626802455
408,1985.5862850449405
409,2095.623900830327
410,1319.616015879631
411,1393.724695355716
412,2430.19259206724
413,3008.6099003605714
414,2277.8149657204435
415,2294.046836714242
416,4663.849561791723
417,4385.29025784387
418,1245.1339145940854
419,1260.0699983083966
420,9380.723467195674
421,8802.71354082808
422,8691.080639845133
423,7130.397473253326
424,2492.1143851721845
425,2081.8861209692323
426,5683.763312639047
427,4612.514037766879
428,5285.622309365818
429,4302.9008882722765
430,6905.719802014105
431,6327.5903969780165
432,7243.465830008945
433,8368.7771227297
434,7710.933699843115
435,10184.555729112473
436,9486.134721980567
437,10249.098070104987
438,2267.8812077363295
439,3239.6393324262667
440,9855.765235683544
441,8433.271282244223
442,7202.296302858981
443,6158.519084916349
444,2768.814440424013
445,2753.082380523362
446,5558.6499557326215
447,6549.561125667924
448,12375.534719940983
449,12528.485435884026
450,4719.438439625665
451,4105.164292661589
452,2873.7142103517667
453,2388.9842907663674
454,5941.766753372649
455,5956.513642830342
456,3596.3484843107067
457,3251.61751019711
458,9937.454604845752
459,8053.956378654083
460,3099.1044207538175
461,2724.9468215303027
462,4691.528079465402
463,2389.5760728082128
464,4351.207309450067
465,2445.6170514718597
466,1328.7764247903287
467,641.9481788419947
468,4110.50673988812
469,2208.952002666231
470,4486.184110825336
471,1724.4946095811208
472,4196.657859262859
473,1868.1467083684997
474,2962.56121256941
475,1563.2952962506631
476,3555.6431055889025
477,1687.6116735678042
478,3858.1096324169666
479,2006.7300217073264
480,808.8668122754325
481,465.5806657153219
482,3488.2401439434148
483,1873.8312299260897
484,1965.3160736666562
485,1022.6289730343149
486,1149.5901730310625
487,605.5638545458825
488,1887.1398803684149
489,1151.7529908026836
490,4380.13891135153
491,2660.6584997111026
492,2558.2257626970654
493,1030.843024964709
494,2319.062998564528
495,997.6107848481699
496,4995.946659288651
497,2298.015651894957
498,1732.8253925612978
499,829.1813209017936
500,6111.060768843437
501,2530.410689061395
502,1315.5724955520707
503,744.8726728211279
504,1363.6733294363773
505,1347.0791358390898
506,1041.9373087262297
507,1062.571473377414
508,220.92662540571067
509,236.9314973698469
510,698.9732928098917
511,721.3659525124217
512,606.4784543224655
513,575.5944903259098
514,977.4891522198549
515,1052.5815565345556
516,1058.9415202391494
517,1103.5479448862177
518,797.2003367168669
519,887.1682956759813
520,1426.702855504127
521,1468.0746126309666
522,338.973902864508
523,426.81849025301466
524,1612.5347198764446
525,1658.6369417536403
526,1481.4662031169153
527,1434.181266647048
528,389.6767630386001
529,397.7211560801899
530,784.73342438121
531,845.1135333799582
532,2041.7885850086047
533,2168.0815454177587
534,433.41390404521496
535,502.6626965872499
536,381.99269221744964
537,335.99446186057526
538,566.1755924977424
539,574.3865946281929
540,517.761940627125
541,638.7404525406026
542,1219.87773662799
543,1235.7850126339638
544,433.2183264194795
545,517.2362236121884
546,1326.163253175048
547,1467.349043251797
548,1034.5175110402288
549,1069.3395848822029
550,275.51817925921125
551,313.3577443373341
552,714.694057787338
553,674.0691237163037
554,503.960006007487
555,569.237694723445
556,899.2802927800673
557,975.8150676816856
558,988.353184113424
559,1000.4871718876284
560,748.0757816115824
561,871.9502526377516
562,1469.362330548787
563,1468.4730311483713
564,363.8861006768007
565,349.9638881066636
566,1719.5723244850974
567,1851.205645675823
568,1167.7864589086864
569,1285.0805459215617
570,328.1113837730889
571,355.7323239614977
572,779.9354833487279
573,760.4543796092214
574,1810.2507423631491
575,1997.1871627236965
576,395.7322492588267
577,451.0357819495291
578,323.63755266311387
579,355.8177798400762
580,652.4000348983541
581,694.867428755461
582,447.23850688576994
583,391.4252374551568
584,1096.726062853987
585,1175.670878533733
586,532.0202876789102
587,548.5779808893938
588,2019.3675142526122
589,2131.078897405667
590,1566.1640041912285
591,1641.2557271827186
592,443.5978051471609
593,418.22291293105894
594,1037.3666497553004
595,1099.8872185190987
596,770.9498651161063
597,813.9292574029637
598,1259.197962554548
599,1274.4573213858569
600,1313.777649766694
601,1358.1373295697701
602,1147.397544258037
603,1241.5277332754863
604,1713.40353903755
605,1837.4208819303565
606,484.68366472708703
607,470.36632131042694
608,2415.766768950514
609,2419.977347233015
610,1420.6520147472734
611,1473.6430593413104
612,543.3608713901891
613,563.3108442686666
614,1111.5668378361165
615,1099.7509357965173
616,2543.0263876643494
617,2458.941447278395
618,612.1777227981406
619,592.5338124745554
620,495.2023824861548
621,500.27113853059683
622,963.5709761138062
623,1042.4948392026326
624,442.1750372288893
625,583.5789042037292
626,1653.3690627614824
627,1573.0204268567634
628,746.7910192737779
629,744.9752496018715
630,4317.07386239665
631,4515.238443761273
632,3452.516572651749
633,3383.200883182136
634,903.2180833409619
635,1008.37893602375
636,2253.2399938490757
637,2174.7888076364034
638,2177.3824225579765
639,2334.639071897579
640,3297.957699681216
641,3092.3955513883434
642,3901.9406645645995
643,4193.456740952147
644,3163.3666863418925
645,5224.673031632614
646,4270.522727603761
647,4738.415921983864
648,1146.141970284443
649,1460.306957836202
650,4376.355125180253
651,4152.9627620769415
652,4179.080718314241
653,3737.918797722622
654,1215.6540052143205
655,1339.092886552205
656,2666.439801232055
657,3049.279678505978
658,6097.441650653175
659,6185.617469089333
660,1970.6572138309557
661,2087.081470179056
662,1309.1652483234561
663,1405.6094133759234
664,2426.5960485698865
665,2995.523177859869
666,2274.6797887916086
667,2280.6056668065667
668,4616.249935596135
669,4360.547060923978
670,1241.7028560168749
671,1249.3492250760587
672,9381.541611311084
673,8788.200357071351
674,8703.895214325432
675,7157.411958369089
676,2491.670944772814
677,2086.1008762086567
678,5704.301311585438
679,4630.546599407595
680,5290.7320795155465
681,4320.311840949248
682,6912.456393399771
683,6331.759115727122
684,7253.160661098488
685,8346.403876634824
686,7713.830861539231
687,10067.49357717386
688,9471.811323190426
689,10211.01890287461
690,2258.7403541948725
691,3241.0549177621715
692,9871.470254213735
693,8415.896304475189
694,7189.464704796301
695,6145.979568424391
696,2775.3562265162313
697,2748.7463233720177
698,5549.780068260767
699,6468.22765057964
700,12343.873752163401
701,12514.611983063267
702,4726.883048675328
703,4085.8085961843117
704,2871.0425417757933
705,2384.841663800762
706,5958.936456000069
707,5931.497130116013
708,3614.593867152118
709,3270.8681445045604
710,9941.034818800345
711,8051.245839134653
712,3100.211994543972
713,2728.0849174518876
714,4709.299990784496
715,2398.126918400475
716,4357.435632217232
717,2450.9851551988622
718,1335.298093626423
719,645.9691584842727
720,4128.840793405016
721,2219.8358208325785
722,4515.065747557834
723,1735.1771515531514
724,4229.265085766769
725,1882.2274523202686
726,2982.995786889421
727,1574.1424668517473
728,3574.240291053263
729,1698.2796677397807
730,3874.235678124584
731,2016.5621483257298
732,808.3274057972271
733,466.39888159019074
734,3484.4061554144496
735,1881.6943189269002
736,1960.831179058325
737,1024.8430395449795
738,1154.0049905963676
739,607.227023435509
740,1894.7819472130639
741,1156.0512787034445
742,4381.601273919287
743,2664.501535017353
744,2572.662862292409
745,1042.635516590296
746,2332.0462321297227
747,1004.7938991667965
748,5011.636362830543
749,2317.0410491344865
750,1761.1932422453483
751,846.0099323656664
752,6146.196447464267
753,2542.0196929495196
754,1321.394341354408
755,751.1374396336444
756,1336.3881283762225
757,1315.7550793834712
758,1026.8786080855928
759,1049.337210684018
760,217.32993677657186
761,233.88688650030267
762,691.7559693046516
763,713.6169471562991
764,598.0073809322483
765,573.0634837362928
766,964.2291378064622
767,1033.2168804036198
768,1044.9688524980336
769,1080.037003801104
770,782.6480111669217
771,872.4005386516117
772,1404.740780844413
773,1445.7987589784714
774,333.13058292992594
775,417.16438977168656
776,1591.822497487593
777,1634.8136719174486
778,1455.0984385918298
779,1407.429634554411
780,385.1087182416885
781,390.65114875519976
782,775.8549491445361
783,841.8449683512436
784,2013.6192232937528
785,2141.043770696849
786,432.6354864512499
787,497.7011948488465
788,375.4476654938807
789,333.3940593463207
790,566.1634694696734
791,571.3237382691406
792,505.4348874578268
793,627.0651385122026
794,1209.1014434300416
795,1222.9272711626677
796,426.9317852788265
797,511.18645191970427
798,1318.6464249785056
799,1466.7608636503687
800,1036.3366509917366
801,1071.0245723125988
802,277.4440443403
803,314.8970497183183
804,712.2881452770725
805,680.2388190549539
806,506.4771377311102
807,574.9246110493282
808,898.4415092617483
809,976.9782843149468
810,983.9280306130914
811,998.2017686249993
812,745.0952643513158
813,865.705542532478
814,1470.4817077965233
815,1464.737301355739
816,357.78683800856584
817,345.7709925383289
818,1717.4184973618985
819,1848.468660041811
820,1164.947990323385
821,1281.6025191396307
822,328.63001970511766
823,357.28096327326745
824,775.9471566295927
825,761.936519728981
826,1808.1195976215936
827,1991.2791382981286
828,396.6513912684704
829,448.56702051596295
830,324.5677787272782
831,357.2115106178034
832,654.9627057903854
833,697.0214259259593
834,439.5717391864107
835,389.4996323063959
836,1101.6930022579145
837,1180.3468944846925
838,531.2777959209367
839,547.3894322266093
840,2010.2141925054432
841,2137.731055046469
842,1572.8976588082587
843,1638.9163932285105
844,443.44344976252273
845,418.42798097942233
846,1038.784507457671
847,1102.7631891842977
848,772.9637452304593
849,814.9381248737538
850,1259.024341178688
851,1272.4595183855827
852,1316.2148770061262
853,1359.810763151019
854,1147.126523902838
855,1239.8976709196525
856,1708.7471837060532
857,1836.3597521705353
858,480.3404677490643
859,471.6086185390055
860,2412.3593560501686
861,2421.317249187206
862,1411.9379545016989
863,1466.5736681645803
864,541.9824522383782
865,563.8354927027725
866,1110.8695885372879
867,1097.1180335231684
868,2542.1134359530793
869,2456.992158052407
870,612.3589080357971
871,591.0664732589637
872,494.84325190752975
873,501.8772089385289
874,966.4512004348034
875,1045.9538622708244
876,437.4741989742516
877,582.7044507400802
878,1660.0783223885373
879,1580.5153985624686
880,749.5080354864538
881,750.5176326553315
882,4294.879399784447
883,4484.618370124541
884,3441.9656333874755
885,3363.843680254854
886,906.1770169235873
887,1014.8338301605343
888,2240.3507080469553
889,2169.1117750447174
890,2170.254730893825
891,2332.940935260331
892,3275.9948169141962
893,3078.57766596373
894,3859.9132354699036
895,4129.614523651967
896,3155.336302956151
897,5148.50736073203
898,4233.226759607196
899,4676.557334658762
900,1131.8909124755103
901,1431.4158245273634
902,4356.443831383241
903,4134.492818518303
904,4132.475421089818
905,3697.339332936558
906,1206.5580588957848
907,1323.0896601450304
908,2647.7348162064804
909,3003.0978906454125
910,6049.788282150138
911,6118.578872680043
912,1965.6039899431144
913,2079.1225157466024
914,1298.917619291602
915,1401.951180205059
916,2422.558255242093
917,2985.058924721827
918,2233.685084168849
919,2242.6311382713893
920,4584.662439745738
921,4338.8121011486455
922,1220.029914220242
923,1232.6618997694125
924,9369.548754377722
925,8791.493914373388
926,8717.293572237768
927,7176.989933882075
928,2491.7157623149446
929,2118.786982855588
930,5710.404686999784
931,4643.545697319022
932,5305.116999482538
933,4322.506271536837
934,6918.4551008901135
935,6318.301041188213
936,7251.980394023615
937,8363.417683590094
938,7703.726523404093
939,9981.168946611684
940,9456.23552104756
941,10168.704375834412
942,2252.0760949003566
943,3249.420283434931
944,9856.828544483464
945,8406.119818093011
946,7174.626333474391
947,6134.547652883068
948,2775.697720879541
949,2747.6577206341926
950,5539.782051933476
951,6404.720976777942
952,12333.071364489577
953,12484.857246601418
954,4728.287107092576
955,4081.2792487380257
956,2877.6366711885207
957,2388.279235106787
958,5962.126931147323
959,5928.1778187288055
960,3605.525615032644
961,3258.1404993880396
962,9961.361479048433
963,8066.836075806207
964,3105.6896364765485
965,2726.3348514465333
966,4721.284510278086
967,2407.861398771669
968,4365.168626217602
969,2463.7314945636294
970,1340.9621400914166
971,646.8264121793857
972,4146.40685472019
973,2232.9357589813026
974,4529.098634022331
975,1749.045311573528
976,4242.636604153041
977,1894.379052116618
978,2998.086715680591
979,1582.4465396166686
980,3593.7787929360484
981,1706.8554563270936
982,3895.1588305080027
983,2029.1818593910737
984,812.5138745842529
985,469.3162654605635
986,3497.199354358673
987,1882.2458742340646
988,1958.641821830856
989,1025.9443732862608
990,1161.7562434188444
991,609.2638674290226
992,1913.744181426442
993,1162.3324586246292
994,4395.839130527803
995,2671.5983197546498
996,2597.217118444261
997,1052.1972381315568
998,2338.1863287692636
999,1015.7541239050493
1000,5033.359152135451
1001,2327.849692049531
1002,1763.7689872708527
1003,852.1413581330173
1004,6175.660939735332
1005,2565.5075799130145
1006,1328.223224904138
1007,754.6010070140225
1008,1313.3715828902323
1009,1295.4162144064792
1010,1016.6980100198235
1011,1037.5123933866082
1012,213.88244830889803
1013,228.97620248815525
1014,691.7972891675528
1015,706.3847775240623
1016,588.4408545613051
1017,562.639313227122
1018,944.7490439851571
1019,1020.5111733768224
1020,1040.5571394334681
1021,1067.176014487843
1022,772.2795045051372
1023,849.8922195703685
1024,1384.8230223777034
1025,1426.5664962498913
1026,329.6941225437629
1027,410.7846089701588
1028,1556.3605666794456
1029,1619.6389657097898
1030,1430.8108934883658
1031,1400.4971787641693
1032,377.371357014448
1033,386.400090227756
1034,760.766936081146
1035,821.47513849243
1036,1990.4057634990315
1037,2099.4669269732262
1038,424.65040912581355
1039,492.32038099686116
1040,372.7745974471301
1041,328.8845020868927
1042,553.4078252595542
1043,558.0220325925928
1044,494.9394505710009
1045,609.3757919404305
1046,1185.1585023841296
1047,1203.6951095587226
1048,421.2621736245637
1049,501.13428764510314
1050,1317.6976654145476
1051,1458.7003838454077
1052,1038.5859781583474
1053,1085.484491471159
1054,280.0037948593178
1055,316.6699359356442
1056,714.1782776187315
1057,677.342386647825
1058,509.26304986402096
1059,572.2585547691228
1060,901.99287214738
1061,972.3162352596257
1062,981.034159886795
1063,1003.3098919873628
1064,742.7857018355512
1065,872.2910544125707
1066,1462.338077033428
1067,1446.9999359726842
1068,352.7578673427865
1069,342.14271603658335
1070,1710.201549027199
1071,1838.7103364046236
1072,1159.6900548079295
1073,1267.3249768926892
1074,333.1888159642144
1075,362.33279014922624
1076,774.7785475097237
1077,761.1683233104447
1078,1795.8674617257136
1079,1984.6167833512866
1080,391.0399162113225
1081,447.090086310322
1082,322.6008745401246
1083,361.86212339973156
1084,652.3044730001695
1085,706.5023131160676
1086,433.20040580218966
1087,382.2982073659638
1088,1103.1178869332248
1089,1173.1966023463929
1090,528.9580780483024
1091,548.3255037730495
1092,2006.7075070033484
1093,2133.806866350754
1094,1582.4714890252162
1095,1646.2181205191011
1096,440.7625467011728
1097,419.65858242657885
1098,1045.901690640264
1099,1106.5918310092106
1100,780.0039514405722
1101,820.1558993251105
1102,1254.3435840549967
1103,1276.7720178401055
1104,1324.131310792529
1105,1375.4821692033977
1106,1140.4570944787129
1107,1230.4062160622127
1108,1705.235697218217
1109,1826.9472004493132
1110,471.9505722684912
1111,469.0634834567764
1112,2421.283593310358
1113,2433.71458729371
1114,1406.2899301147233
1115,1469.904024728213
1116,544.7539574543567
1117,561.5624716972205
1118,1118.0269087407967
1119,1088.5213843423853
1120,2530.534916304984
1121,2467.2380537084605
1122,613.8372577786238
1123,592.3295905130055
1124,494.2020604765194
1125,496.4855045109405
1126,971.6484306244413
1127,1051.3212137614478
1128,434.74146307403237
1129,577.380093611873
1130,1664.8331970180213
1131,1591.2928575593824
1132,758.8244961074952
1133,754.7731486533025
1134,4303.567890333118
1135,4476.09803980908
1136,3434.9203996923493
1137,3356.974120967076
1138,911.7288760396467
1139,1020.6060085258957
1140,2244.1283336924525
1141,2168.554797726826
1142,2168.379271414243
1143,2319.139500144333
1144,3261.192135749449
1145,3065.4679750936157
1146,3822.837423028238
1147,4111.532165365389
1148,3149.446218111873
1149,5067.119211207786
1150,4210.058146824656
1151,4655.340877357713
1152,1123.8211085883042
1153,1431.7042486942166
1154,4329.387372874784
1155,4103.660447230655
1156,4089.855243765861
1157,3662.9633442686127
1158,1206.3782763417682
1159,1329.4058773856486
1160,2620.0826352960958
1161,2970.1871726358922
1162,5992.956801134064
1163,6051.515397632224
1164,1962.0249932271818
1165,2063.2888857541425
1166,1304.5624239599715
1167,1397.9824416524073
1168,2419.7846895368994
1169,2957.95582917938
1170,2201.7266639135332
1171,2208.266867918721
1172,4544.757152903446
1173,4310.343460308037
1174,1217.733808955206
1175,1225.101944192467
1176,9369.903950565702
1177,8767.455480674438
1178,8748.149490406076
1179,7192.304903488023
1180,2497.655182986037
1181,2137.49565075179
1182,5721.360133565725
1183,4664.859233329568
1184,5303.376655250781
1185,4343.488359298108
1186,6923.271626222248
1187,6310.464484606203
1188,7266.3826265104135
1189,8334.936843307069
1190,7708.693414741645
1191,9850.03127330098
1192,9421.714596899337
1193,10088.598134218617
1194,2243.5288352839307
1195,3246.4577910729704
1196,9856.096264142512
1197,8419.639618026578
1198,7174.454887980467
1199,6114.487554253252
1200,2774.4127026722745
1201,2735.262178174828
1202,5537.702587161304
1203,6390.375748597022
1204,12300.280400831003
1205,12454.979910166365
1206,4724.479500710364
1207,4070.678856081739
1208,2871.8842872642126
1209,2396.026063929936
1210,5977.510940883794
1211,5915.823160017674
1212,3563.2073210333697
1213,3219.201296471319
1214,9967.079274402993
1215,8069.606069274277
1216,3111.7891501928866
1217,2738.8443365773087
1218,4733.61410070227
1219,2417.3267475443263
1220,4366.224203503068
1221,2475.875124047722
1222,1346.5122406312485
1223,652.3910800906689
1224,4166.312381116181
1225,2246.716727223103
1226,4556.5980412424
1227,1762.8345356067966
1228,4254.922406656135
1229,1908.1034350524028
1230,3011.1385640056387
1231,1587.34319269903
1232,3603.4236858092277
1233,1720.7155174408383
1234,3907.240427914363
1235,2037.8305597475196
1236,811.7430986699966
1237,469.7024959155405
1238,3497.8611790103446
1239,1894.9390458473354
1240,1954.9205947591172
1241,1026.2566105143035
1242,1171.051402805141
1243,616.2014177121379
1244,1925.9171021697796
1245,1162.3584300511493
1246,4389.037554954307
1247,2676.2322363307744
1248,2610.0248873693504
1249,1061.269846610753
1250,2354.8210397664216
1251,1021.5129736479762
1252,5050.537891938017
1253,2344.7595605709907
1254,1757.8865460257698
1255,848.7487460421602
1256,6212.0645138986165
1257,2580.2897086241783
1258,1338.2528885149318
1259,756.6178107028965
1260,1286.1525154909652
1261,1271.1717924991171
1262,1000.3623683610849
1263,1015.2733353665786
1264,208.60458034371496
1265,228.84171415088665
1266,677.8501815075571
1267,694.7814145114745
1268,583.3749822651715
1269,556.3775024822633
1270,925.5583848565657
1271,998.814336252882
1272,1019.1142517434616
1273,1050.1604449433942
1274,755.4343699742145
1275,837.8147873152179
1276,1362.8176883468407
1277,1399.9059576017542
1278,321.21765079263685
1279,400.25099877367103
1280,1531.1525479671452
1281,1596.8848791834357
1282,1394.8590498201534
1283,1377.789314024337
1284,371.4032083968341
1285,374.84051510083424
1286,750.4621652866873
1287,811.96238163
1288,1950.23444661349
1289,2063.3107486247986
1290,418.76271729491134
1291,480.13810898890256
1292,365.5493635714916
1293,321.8619512248944
1294,548.9018015039549
1295,552.9039514531893
1296,483.0057623139235
1297,594.7481500232221
1298,1168.0012483924822
1299,1189.486619970606
1300,408.2903420223869
1301,494.61049087186507
1302,1321.400454154447
1303,1449.707295341711
1304,1041.9858936897797
1305,1084.4292765839916
1306,281.17458976375303
1307,317.0608523135286
1308,712.8970385612859
1309,679.8035254692231
1310,506.82383543721306
1311,577.0629868761845
1312,901.7255875400132
1313,971.2377666884804
1314,976.0372569399406
1315,997.2783368957383
1316,742.7384153432179
1317,873.936633557358
1318,1461.8563567368888
1319,1443.8178986259852
1320,350.3425382769627
1321,340.20436818278176
1322,1703.4783802433749
1323,1837.7726467976331
1324,1158.512879446989
1325,1265.2657560785751
1326,332.1498322905313
1327,359.45967529855903
1328,773.1856626955848
1329,761.3798177086973
1330,1796.348899294219
1331,1983.622306041968
1332,392.2905170426387
1333,454.308579503931
1334,322.2753021388524
1335,360.51128667302305
1336,654.7254910772477
1337,705.590986129211
1338,429.10562051330305
1339,381.90533403973313
1340,1100.8369383630659
1341,1175.5162654320034
1342,532.7748034843243
1343,550.2332737131999
1344,2005.3993520636734
1345,2136.74692387102
1346,1582.9784830658366
1347,1644.1381042598894
1348,441.5242534554475
1349,420.52853144331846
1350,1045.71430348035
1351,1109.2195802366714
1352,781.7231509059447
1353,821.6292334584884
1354,1254.985340691864
1355,1281.1616805275958
1356,1322.0449138357806
1357,1373.5153250899984
1358,1147.4233903363497
1359,1232.729614530842
1360,1706.4457218394678
1361,1825.4196041474538
1362,471.8324643338613
1363,470.38022440290086
1364,2415.1286760492562
1365,2424.0486631077238
1366,1402.1002695089603
1367,1467.5606581160102
1368,542.3376645250361
1369,560.7016872761998
1370,1105.4002019878285
1371,1088.460290357163
1372,2527.158732427429
1373,2470.763268584618
1374,614.0893740225115
1375,594.58227697483
1376,495.7633694194727
1377,497.16019803428526
1378,980.3640008150218
1379,1056.2798778737204
1380,437.6851833728011
1381,581.0678374983585
1382,1665.7265683649866
1383,1593.501369804722
1384,756.8592929059965
1385,754.4397408220854
1386,4277.702895280932
1387,4451.931304950524
1388,3434.787493952781
1389,3356.2722499464485
1390,913.361506144148
1391,1024.032036894026
1392,2231.6309829791935
1393,2164.7884441739648
1394,2166.1697746285463
1395,2312.108243444885
1396,3240.9776210825016
1397,3068.6999890576276
1398,3789.6371733146243
1399,4052.7342321215206
1400,3155.493983016178
1401,4985.881252037636
1402,4185.292847667552
1403,4615.314861609045
1404,1111.6610378229552
1405,1394.089237747988
1406,4308.39435243843
1407,4078.6615176885407
1408,4053.2764096529863
1409,3630.5146987570147
1410,1196.3821749628682
1411,1311.5977258738485
1412,2592.728434126629
1413,2927.360212126841
1414,5971.042426645236
1415,6002.552850646114
1416,1958.2573802397765
1417,2052.131705082204
1418,1292.3494965390403
1419,1384.871470274765
1420,2412.869768584323
1421,2945.666488988061
1422,2189.640643069283
1423,2191.8911871236064
1424,4513.467442985845
1425,4286.029859141103
1426,1220.7474244167477
1427,1225.321891355719
1428,9372.851844002007
1429,8748.15892611743
1430,8755.999239487297
1431,7206.86510032513
1432,2494.891918400383
1433,2141.1867303758468
1434,5723.631401296483
1435,4675.705602095331
1436,5313.484929716744
1437,4348.402068973181
1438,6927.3679291259195
1439,6303.702358946065
1440,7260.8833073151145
1441,8306.216093338293
1442,7710.4020082634315
1443,9763.596786403261
1444,9419.349302598357
1445,10084.856301855361
1446,2234.521562830066
1447,3250.183627276181
1448,9839.679036020367
1449,8412.7045117035
1450,7167.994083208511
1451,6106.258855176497
1452,2774.5869625398655
1453,2724.5679216266617
1454,5535.2072500177965
1455,6353.937886697864
1456,12285.442418664568
1457,12411.160749988434
1458,4727.356898555111
1459,4068.796948335774
1460,2879.937090890181
1461,2401.291301673742
1462,5991.222786154011
1463,5899.162892247215
1464,3586.107608251075
1465,3229.60969911397
1466,9968.027878399616
1467,8073.452815393844
1468,3110.5409731871555
1469,2740.3736997463843
1470,4741.895950550471
1471,2422.308382568967
1472,4374.706041919435
1473,2487.680215882546
1474,1349.9027517043544
1475,656.3323751446617
1476,4174.823705784483
1477,2258.8818199219036
1478,4576.806010065642
1479,1770.806872073816
1480,4271.645090930527
1481,1925.609784430939
1482,3023.4150949254367
1483,1593.315193086332
1484,3623.1482497427696
1485,1731.8644172068582
1486,3911.7758519824
1487,2048.528904941115
1488,812.4085431727599
1489,474.419748188249
1490,3511.4197494043738
1491,1899.7210139566162
1492,1958.169297076881
1493,1028.5294586467364
1494,1173.9236197987186
1495,618.6029708471058
1496,1934.4715255887957
1497,1169.9690261197068
1498,4401.321473769746
1499,2682.7910307595366
1500,2617.493587873705
1501,1067.9738650356853
1502,2367.5085471492075
1503,1030.4575976126637
1504,5068.46370005091
1505,2351.5731313521424
1506,1762.103386531558
1507,853.8754532823235
1508,6241.665278736461
1509,2599.0160958283777
1510,1341.2584149825536
1511,759.8150449388881
1512,1260.5808786231933
1513,1259.789347675776
1514,980.520121226762
1515,1001.7573211080957
1516,203.25238263212685
1517,224.5762041592586
1518,667.7299291715744
1519,683.1633498229802
1520,575.7236588686488
1521,548.0032169173543
1522,917.5924619328096
1523,992.7610487013063
1524,1001.7397219159177
1525,1031.4517616349506
1526,740.5299174968429
1527,824.9364746361356
1528,1342.4919565207476
1529,1367.387799664624
1530,315.9755147604799
1531,388.13102599488735
1532,1507.3234195645348
1533,1568.0023218304061
1534,1371.7888754586122
1535,1353.2963671094146
1536,359.12734697861174
1537,367.33577770541643
1538,734.7851517145527
1539,793.2866644881485
1540,1925.9741523192577
1541,2018.8106617550604
1542,415.0886842782096
1543,470.77388826443695
1544,358.93634438503193
1545,315.560853315889
1546,535.351854869358
1547,546.2911762098463
1548,473.0200181712064
1549,579.0015072973076
1550,1150.158621716696
1551,1163.8644613329252
1552,406.43475258365055
1553,482.7967062963833
1554,1316.5429358679912
1555,1444.2205754662523
1556,1039.7980631294963
1557,1084.7760454101299
1558,279.8608878944191
1559,319.07407051730235
1560,715.977849733482
1561,686.9550141201164
1562,508.8330335303804
1563,574.5504896440419
1564,905.5449042165283
1565,970.7509645074381
1566,976.9598862171963
1567,1001.1570060150466
1568,745.0729848962584
1569,875.1989222456219
1570,1448.121661956243
1571,1429.6015036333065
1572,349.7914674330932
1573,337.85658834724484
1574,1698.591738580327
1575,1832.3313576129106
1576,1158.022248301946
1577,1259.9676627151507
1578,333.28524189507584
1579,361.1201353762389
1580,771.0681446319223
1581,761.8429586131462
1582,1795.1914897749637
1583,1987.7758348758357
1584,391.4341210691991
1585,447.45639691093896
1586,326.47783051971584
1587,365.81579928285083
1588,653.7040941164004
1589,705.8628916717179
1590,428.5089262666647
1591,377.49070141979297
1592,1101.132653370104
1593,1173.7803950445918
1594,530.580761011059
1595,547.9798133284286
1596,2003.0775263050032
1597,2136.6556453249805
1598,1589.4222368387082
1599,1649.3486876074758
1600,442.463353439946
1601,421.73202375705625
1602,1049.9254235237577
1603,1109.4230863092648
1604,782.4575358457829
1605,826.4426583165302
1606,1251.4917728849475
1607,1285.8943957199444
1608,1327.1733540478467
1609,1379.4239791606278
1610,1141.797097071216
1611,1227.1293523357087
1612,1700.7291954777893
1613,1825.6736625097856
1614,467.21545388486237
1615,468.732254904967
1616,2413.8439496615806
1617,2425.2173129280773
1618,1402.609339463088
1619,1463.1829490899552
1620,544.2474017125312
1621,558.5088676425692
1622,1107.4725870321938
1623,1085.3780644241447
1624,2532.727382195263
1625,2482.461059287089
1626,613.0415319221145
1627,592.9683884937111
1628,498.6504132381123
1629,496.70140752276154
1630,984.3628925609291
1631,1060.9514913260832
1632,437.23797147663913
1633,572.5907445376346
1634,1665.5350258278916
1635,1601.149913605236
1636,758.809860634819
1637,754.5634717715388
1638,4260.6114600183155
1639,4444.730680261412
1640,3421.829504999785
1641,3362.8004250216436
1642,911.2178219783505
1643,1022.9015826474513
1644,2233.701542671631
1645,2161.2499837850132
1646,2156.001173127033
1647,2305.9092585768385
1648,3234.871352354181
1649,3056.812201158081
1650,3766.554084793017
1651,4063.38879750283
1652,3150.061816816187
1653,4938.740746080667
1654,4155.857768268202
1655,4572.843825147834
1656,1104.8505455386887
1657,1382.5872865580097
1658,4300.418383422896
1659,4066.48929699154
1660,4032.673577507517
1661,3623.9141001650733
1662,1204.7515634556673
1663,1314.2970365044425
1664,2578.543423261842
1665,2920.9364380223196
1666,5956.532056007312
1667,5987.197424491387
1668,1955.4017427075287
1669,2051.232933251823
1670,1293.9664311652516
1671,1375.5632679449805
1672,2410.2449622758877
1673,2954.6582524408072
1674,2178.8440603433237
1675,2172.685001154783
1676,4502.507666746286
1677,4276.329215857398
1678,1213.1433870588478
1679,1235.3235045456536
1680,9368.031456543233
1681,8732.408977760175
1682,8764.226088682653
1683,7214.775531676974
1684,2497.941209831387
1685,2148.9744275501835
1686,5731.471832707931
1687,4682.120533812973
1688,5307.97498176791
1689,4352.997196647391
1690,6920.638721930011
1691,6295.788843171849
1692,7272.478526525747
1693,8295.539490649311
1694,7708.813203876232
1695,9702.3274365246
1696,9389.73311385132
1697,10040.08832535489
1698,2220.6593535482843
1699,3230.5142623698907
1700,9839.238984206246
1701,8431.48086159216
1702,7152.827351422096
1703,6106.170074305227
1704,2778.3224074196482
1705,2714.5735407695056
1706,5532.351248102978
1707,6357.932859660971
1708,12282.344895419063
1709,12392.33924238718
1710,4731.082193834401
1711,4077.4129191540887
1712,2888.340030995726
1713,2415.9040015350406
1714,5988.622524826345
1715,5896.357961943484
1716,3552.1468542778316
1717,3214.1986993162595
1718,9982.479638340308
1719,8088.607990209438
1720,3114.2052824796433
1721,2742.649287388617
1722,4757.290855443432
1723,2436.67857112617
1724,4379.516216545626
1725,2498.3056612272558
1726,1355.4494352138438
1727,659.7094137139496
1728,4185.3091154212625
1729,2270.409501968508
1730,4594.2726759632405
1731,1784.9850328826635
1732,4290.02266919876
1733,1935.3371513551103
1734,3032.444647597052
1735,1596.7014211489507
1736,3633.37004856165
1737,1742.5670611962569
1738,3923.3274191064784
1739,2061.052317630807
1740,808.738280841279
1741,473.6147227042654
1742,3515.800915019217
1743,1904.921642135184
1744,1954.4461728875635
1745,1027.5220366321184
1746,1181.6356323606649
1747,623.6768398420869
1748,1944.611693413801
1749,1167.344928565152
1750,4392.8889895580605
1751,2688.5335541050795
1752,2630.3257086697163
1753,1077.4312619521622
1754,2378.7006227454926
1755,1037.2184125361186
1756,5083.124437910875
1757,2362.718790639843
1758,1754.7394095891495
1759,848.3649353060794
1760,6278.00652524913
1761,2612.2859049784556
1762,1353.2884886723211
1763,760.5496602930234
1764,1249.1025714405048
1765,1240.4013943350346
1766,966.6776546829949
1767,992.3213716696664
1768,201.75423744910316
1769,221.23103635970259
1770,653.7432523425417
1771,674.1793949047359
1772,562.0078885555638
1773,541.2157087594605
1774,899.8132466408232
1775,977.9009639606414
1776,973.4795064486343
1777,1019.9108498748187
1778,729.899128751647
1779,816.6493257686487
1780,1323.726972047277
1781,1344.7600775253745
1782,311.1200328153942
1783,384.9033694701296
1784,1488.9537853788079
1785,1555.6513731090815
1786,1346.8112051109026
1787,1334.688301411821
1788,353.12450387316244
1789,360.3353387406866
1790,719.5363535606538
1791,779.5519907646798
1792,1890.062854584444
1793,1995.7617537756157
1794,404.1784836472984
1795,461.05323475943413
1796,351.0582358652503
1797,310.6873429854974
1798,540.6369536255224
1799,543.2223484937186
1800,465.37448700071883
1801,568.5357785239837
1802,1143.8749075443777
1803,1147.9779178634014
1804,402.3311207606547
1805,476.08018669282353
1806,1311.352526203888
1807,1443.1426044816808
1808,1047.9761088652683
1809,1089.781766105098
1810,281.1896934180359
1811,318.98687719910805
1812,721.6029705628865
1813,690.0041195522335
1814,511.3813652429693
1815,579.3328482963519
1816,897.740118194768
1817,973.2729603144655
1818,976.6213348694013
1819,994.3875106109433
1820,743.6069601512224
1821,874.7645556996372
1822,1446.0359182636282
1823,1432.8870718445555
1824,348.9623271086767
1825,335.64801661389134
1826,1696.6491398323758
1827,1834.6165824165225
1828,1156.4455802889509
1829,1265.3690107827156
1830,329.8935449938429
1831,359.87248814798374
1832,775.7973109231533
1833,762.4863038352034
1834,1801.3133954093535
1835,1987.2087981904276
1836,395.63383256498815
1837,446.0955446338303
1838,327.7006501124313
1839,362.6111800961916
1840,652.4386184162954
1841,706.386640217633
1842,425.95089523619913
1843,375.51366401194275
1844,1093.788808623609
1845,1179.9474941180738
1846,527.8213759902662
1847,553.0270303057862
1848,2002.5486441310302
1849,2137.3738849308615
1850,1594.296007729714
1851,1650.0622120547039
1852,442.65148108338343
1853,423.2675042069416
1854,1052.1762782347766
1855,1104.3965415863365
1856,780.727794166674
1857,826.7276205532789
1858,1259.6728630163502
1859,1283.93234753024
1860,1327.8157275509177
1861,1380.244845082197
1862,1144.376702403431
1863,1222.6729163280936
1864,1700.749730663742
1865,1828.6249027436402
1866,466.59038968164793
1867,471.8736734477874
1868,2401.7597280347168
1869,2417.8077308237393
1870,1401.6627109519047
1871,1460.3519273014324
1872,545.8696011888266
1873,558.8476628019112
1874,1097.117313229142
1875,1086.9193495552236
1876,2534.719629867101
1877,2481.501747228624
1878,614.6765512032408
1879,590.5181712872247
1880,497.1064573271267
1881,495.93874875584925
1882,983.1117008631248
1883,1057.6558494394783
1884,433.39833069138643
1885,571.781594835785
1886,1668.7992383703345
1887,1607.2672531518865
1888,758.8173446477668
1889,754.7862337991991
1890,4256.903442296242
1891,4453.475550763802
1892,3421.47055998076
1893,3373.2272335687626
1894,910.3316444111604
1895,1015.9826163694127
1896,2227.7311797872303
1897,2158.568245804324
1898,2151.469490794508
1899,2299.9639748563445
1900,3219.5988549953136
1901,3027.431258701955
1902,3736.430689925132
1903,4028.819294076506
1904,3141.6511794529742
1905,4857.445539572097
1906,4129.9236278341605
1907,4522.521030685515
1908,1096.2198785038356
1909,1344.9430325860471
1910,4283.494978908727
1911,4051.6583612459285
1912,3998.0582752221385
1913,3588.5303396382947
1914,1190.5442302517638
1915,1294.0088594236947
1916,2573.1425292278795
1917,2878.1891837983007
1918,5914.302004584242
1919,5959.399204728641
1920,1940.0496477923682
1921,2041.4555781414454
1922,1285.8228752784134
1923,1370.7604005658177
1924,2401.044825073233
1925,2917.741458388963
1926,2132.8243133550977
1927,2127.378202610405
1928,4482.354710877389
1929,4254.69843905479
1930,1209.2037726617316
1931,1228.3155394942535
1932,9377.180272243195
1933,8715.861634626428
1934,8777.19982951807
1935,7226.401763815878
1936,2499.406196007992
1937,2146.9628276312123
1938,5735.386381130985
1939,4680.866245231307
1940,5317.219471837404
1941,4352.029296968745
1942,6923.327977301974
1943,6292.781256933117
1944,7256.882337816583
1945,8280.066216225954
1946,7705.18300311648
1947,9631.85427992339
1948,9398.793279594567
1949,10001.882578196437
1950,2221.6919384513117
1951,3231.5819627021947
1952,9831.560356438322
1953,8418.297624365829
1954,7134.0048549709045
1955,6098.398238764491
1956,2777.9376968442366
1957,2713.8343796848962
1958,5527.265228639355
1959,6313.297179420903
1960,12254.5172862364
1961,12403.854448667124
1962,4725.972237907876
1963,4077.0748089094936
1964,2889.348263384232
1965,2415.5039777911174
1966,6000.58672902482
1967,5873.960876813212
1968,3528.976551568802
1969,3190.7171740237973
1970,9975.99188189263
1971,8101.4014696641125
1972,3119.199779672689
1973,2740.4124547819806
1974,4772.117519068071
1975,2448.4454497105635
1976,4392.480533923543
1977,2507.8242847151946
1978,1358.5073798210965
1979,662.6131124333868
1980,4192.909058626215
1981,2280.2101321219393
1982,4601.674585880141
1983,1796.3416608971145
1984,4303.473938839493
1985,1943.3181538560548
1986,3041.3646846083034
1987,1604.67316287384
1988,3645.6297165193982
1989,1748.2424836412863
1990,3931.1870776091187
1991,2058.0819346782946
1992,816.830048743953
1993,476.3958165333043
1994,3531.9028478246933
1995,1913.7562638185702
1996,1964.669474406213
1997,1028.5410115999541
1998,1186.2342937830679
1999,628.734418134592
2000,1952.6329682475368
2001,1175.4634287696983
2002,4403.804776669494
2003,2693.8463420846574
2004,2644.3123156309234
2005,1080.1927310234553
2006,2384.6207274745334
2007,1042.8368738011932
2008,5101.5203688737765
2009,2367.158967425929
2010,1754.0109617863002
2011,850.8054653331329
2012,6294.344008618534
2013,2625.214167198762
2014,1354.1936822369084
2015,764.7139983260391
2016,1224.5703007721113
2017,1221.9457123418474
2018,948.4275619565642
2019,991.9481970067677
2020,199.10271908764756
2021,214.14580546787855
2022,645.8237696839109
2023,666.5974849807096
2024,557.2533280237573
2025,533.159647746495
2026,886.398813114034
2027,969.4424877315672
2028,963.3308537417746
2029,1002.205787608994
2030,724.9805786093616
2031,802.3168801925342
2032,1297.2171238433946
2033,1317.458831420306
2034,309.13474483996146
2035,378.6566892147837
2036,1467.703260602003
2037,1534.9643523922812
2038,1327.502703772937
2039,1316.4864786107933
2040,346.3891429556054
2041,356.6366640818083
2042,714.9767037372696
2043,772.3840889162641
2044,1857.1503802078726
2045,1954.5413535174375
2046,401.11102856041833
2047,454.1319384853266
2048,348.28100454967415
2049,305.1192400086337
2050,538.6897045947841
2051,535.1039949673789
2052,473.1720184182278
2053,571.8716203858019
2054,1135.4569513508227
2055,1134.3172524121446
2056,397.52418973752793
2057,469.6727135657076
2058,1305.7800586773365
2059,1428.0942770070817
2060,1056.2602603816783
2061,1097.4935305439442
2062,282.60306581817133
2063,318.9334342840093
2064,723.107105196125
2065,695.470927210152
2066,513.5427823948748
2067,576.6679026531383
2068,903.1655137425838
2069,970.8258557245597
2070,977.3850930068437
2071,990.7524248797673
2072,741.4782243436442
2073,877.3530754612171
2074,1440.8282899683477
2075,1423.3074693940407
2076,348.9072228892858
2077,333.5803721970414
2078,1692.836492959198
2079,1831.974926301803
2080,1151.8675872830197
2081,1259.835509908326
2082,333.86771135923857
2083,359.2413064733512
2084,775.2852119992341
2085,772.165320289342
2086,1788.8900414044444
2087,1975.7365393123625
2088,394.8756038387128
2089,446.82843926145205
2090,327.144312446986
2091,365.74446590136665
2092,648.9747110524129
2093,710.9605220719561
2094,432.36225725846776
2095,390.86230240712433
2096,1100.1484284412927
2097,1188.474328791058
2098,527.1290631297013
2099,550.6465812382454
2100,1990.661140253595
2101,2130.446649928252
2102,1595.2881957893235
2103,1649.7458417113216
2104,445.0325580542164
2105,425.69910436213945
2106,1055.9148379775602
2107,1108.5129451949153
2108,781.0731885589778
2109,830.6122148257476
2110,1261.9910792925289
2111,1285.6039550498301
2112,1321.2783542456555
2113,1375.3299510776656
2114,1146.822434578537
2115,1220.471010746313
2116,1701.789132592059
2117,1825.2241637926415
2118,460.02734557264074
2119,472.04116425566804
2120,2391.1516136632504
2121,2409.539151783405
2122,1396.4637291140066
2123,1452.754050039023
2124,544.5791249263001
2125,555.4801526836236
2126,1097.3143512478496
2127,1085.093017371472
2128,2528.067085502381
2129,2479.463015371869
2130,612.1067744503978
2131,589.2314687272687
2132,498.40374762479223
2133,496.89313828780877
2134,985.9312593575938
2135,1063.2840505199981
2136,443.8456589519703
2137,581.0351911014549
2138,1673.5103695235189
2139,1615.0428765275076
2140,761.3924019415825
2141,757.5956061255373
2142,4227.782500645906
2143,4416.947018711107
2144,3417.8320000470785
2145,3374.44800741516
2146,914.4842721909293
2147,1009.7105988733117
2148,2227.396429847022
2149,2155.982894645223
2150,2137.4729150988273
2151,2289.2355290974556
2152,3203.9964598981483
2153,2987.8450712622584
2154,3709.3677879834254
2155,4012.0271689057686
2156,3133.11339679383
2157,4772.490999809367
2158,4090.916556212201
2159,4457.152328797736
2160,1091.619588182753
2161,1323.9786628988834
2162,4270.189955520334
2163,4025.1803016001704
2164,3991.6169246844756
2165,3564.684490040841
2166,1181.362672751503
2167,1289.262926924321
2168,2557.887696783787
2169,2854.085122054071
2170,5868.177781721567
2171,5895.328421361621
2172,1934.5278206127384
2173,2034.9580878713655
2174,1275.7637302435758
2175,1356.1090749762845
2176,2394.03064472899
2177,2898.7095028222466
2178,2167.853725308282
2179,2170.2169816634237
2180,4453.788887034626
2181,4242.69354858369
2182,1195.637811719896
2183,1228.1621193670935
2184,9343.418708071522
2185,8680.396461805758
2186,8793.107366534992
2187,7251.6993642836405
2188,2497.790165216682
2189,2175.330443335018
2190,5747.115752789249
2191,4693.289940390747
2192,5316.890791770965
2193,4360.193586776359
2194,6926.798035745118
2195,6286.860511705799
2196,7256.360397453332
2197,8272.164195532596
2198,7687.655492056082
2199,9528.423795562643
2200,9368.176413981804
2201,9933.591689091038
2202,2218.033247379714
2203,3213.436334029337
2204,9821.396523200614
2205,8426.183635870264
2206,7112.65787193312
2207,6090.264727195544
2208,2765.222657732799
2209,2698.000119703017
2210,5522.885330097172
2211,6290.506030031102
2212,12212.722187243135
2213,12360.766160345804
2214,4730.5297907637
2215,4089.7838526928394
2216,2895.03695125677
2217,2415.6880835365187
2218,6006.808827933147
2219,5878.255908383499
2220,3621.3192482162635
2221,3270.7991215450425
2222,9991.0859408488
2223,8124.959265972129
2224,3130.7445046389707
2225,2738.3846943588305
2226,4779.95062102586
2227,2461.204877396573
2228,4402.568871225197
2229,2510.7794952702475
2230,1363.0804907747993
2231,665.9265236399041
2232,4207.321649574862
2233,2287.965792021768
2234,4612.278297718352
2235,1811.9767559451204
2236,4318.9435174014125
2237,1957.8035353220544
2238,3046.695553902741
2239,1610.4555452266125
2240,3659.224229744407
2241,1756.9810640275616
2242,3943.850245486654
2243,2066.4841757681543
2244,815.7855721378704
2245,479.1259857920579
2246,3538.0112187152727
2247,1919.0259238773253
2248,1966.772339940426
2249,1028.2751049563353
2250,1189.4537013742151
2251,630.7464989265344
2252,1960.3905668354812
2253,1181.3068908021125
2254,4399.774548758686
2255,2689.6530655778283
2256,2658.0435384131342
2257,1085.9127606782304
2258,2394.1303732451283
2259,1051.7725117522161
2260,5116.902070729532
2261,2377.9048296180385
2262,1800.3542352144088
2263,877.805120552598
2264,6318.6336220927615
2265,2646.8107247149737
2266,1365.6295385681701
2267,769.2427242611747
2268,1213.5135331605231
2269,1217.6193807098373
2270,944.1909615443067
2271,996.1473005700925
2272,200.93738370435295
2273,212.3662118606311
2274,639.0449800931676
2275,662.6192699948822
2276,543.7973869999546
2277,525.9460698053829
2278,871.7451269480221
2279,960.2274378826138
2280,952.3395406181239
2281,987.8413522413547
2282,715.3928570865093
2283,787.0662793135107
2284,1283.3909777619424
2285,1291.997889526917
2286,303.79169654958645
2287,373.98164225673173
2288,1457.9856362126975
2289,1514.9658903993136
2290,1305.3161303879097
2291,1300.8244313879313
2292,335.2947817958969
2293,348.20584241578183
2294,706.0870816982356
2295,766.7378681147683
2296,1825.9730885116273
2297,1926.957946954164
2298,391.78565294725956
2299,450.90639557397276
2300,343.3715676032627
2301,304.41419164061307
2302,528.3320657484331
2303,529.1720795139012
2304,469.9700741202854
2305,573.0548251832654
2306,1123.0622830988523
2307,1112.72219756357
2308,394.90347454571014
2309,465.13778345717327
2310,1324.7712046239628
2311,1424.2975467092315
2312,1060.141985492411
2313,1096.7013542461912
2314,279.9032419158974
2315,320.7094886931793
2316,728.4069924497967
2317,692.7749356895595
2318,513.3090772592267
2319,578.0208641077508
2320,909.4037194184286
2321,968.4870047064225
2322,976.2729932249052
2323,992.2290009212378
2324,738.683953239803
2325,876.8054213585548
2326,1437.679795102368
2327,1419.5776603177628
2328,345.3647940296532
2329,336.18310181455837
2330,1691.9520092221403
2331,1836.973941640482
2332,1147.949624764494
2333,1262.0069441881794
2334,334.6885349472731
2335,357.11156889490735
2336,774.873588840024
2337,773.2509771017983
2338,1783.0846731428783
2339,1976.0880000369705
2340,396.43209130743355
2341,451.64421463642685
2342,325.0074609947962
2343,361.72722690815766
2344,655.9611471558172
2345,715.6451415549907
2346,441.1395963554576
2347,391.1449455358159
2348,1108.4211964321723
2349,1193.9549671376326
2350,532.6188125168837
2351,546.0057407845452
2352,1983.4062370575423
2353,2122.763756777597
2354,1601.3311240228036
2355,1659.3327084658251
2356,444.8455103853524
2357,424.4290975378829
2358,1057.4985509657045
2359,1112.6878064899372
2360,785.7530514448296
2361,832.022191990752
2362,1254.8855293552958
2363,1282.595223220263
2364,1311.762458300997
2365,1373.1394200965506
2366,1149.209078959725
2367,1215.140144601367
2368,1697.2509666166911
2369,1818.9302285360052
2370,458.8478992153419
2371,465.9090352007211
2372,2385.2138750875074
2373,2406.7479675164705
2374,1394.9658552699345
2375,1452.6623918534128
2376,544.1543503884646
2377,553.5719634562155
2378,1088.5982114936628
2379,1080.5237790398849
2380,2515.9073994321707
2381,2478.9780148776376
2382,612.782909200481
2383,589.8200004531103
2384,499.6022803771192
2385,496.98965266803987
2386,981.0059417484879
2387,1064.0401726092875
2388,449.81556227113845
2389,586.469137862736
2390,1675.4234063709116
2391,1619.4647881011936
2392,766.2382010558845
2393,762.9802152342429
2394,4213.522280540838
2395,4372.176769218775
2396,3423.410578252342
2397,3366.8485122599227
2398,916.9059919924002
2399,999.724673991945
2400,2240.145740536105
2401,2155.9755077047653
2402,2134.720123780024
2403,2280.0667640746537
2404,3195.374697894105
2405,2990.1651696920953
2406,3685.0173638478964
2407,3988.152706703203
2408,3116.766302097002
2409,4689.960439612743
2410,4074.1759800024424
2411,4442.555644748343
2412,1083.1532061093956
2413,1305.1411562512
2414,4237.389820390297
2415,3981.708294786148
2416,3960.9439306869476
2417,3537.245937135356
2418,1178.535907159352
2419,1290.8732637997634
2420,2532.5027324808316
2421,2800.810892016
2422,5820.689098581342
2423,5816.636639905611
2424,1920.0117984105611
2425,2024.127961221453
2426,1277.3134953307554
2427,1362.5170050892295
2428,2394.5500484178997
2429,2886.769711706943
2430,2161.959487231524
2431,2165.4618126013793
2432,4425.9591692259055
2433,4222.204457365854
2434,1194.30504569758
2435,1229.9853486918662
2436,9347.681748256009
2437,8652.585203681389
2438,8808.592261405991
2439,7281.5033184329595
2440,2499.9781430121884
2441,2186.6123970346284
2442,5762.9605861103
2443,4704.534131527668
2444,5324.2587901192455
2445,4374.911763187677
2446,6925.056388598793
2447,6334.649307711326
2448,7270.260200974661
2449,8253.247274471703
2450,7684.275409228579
2451,9437.37985390296
2452,9366.654256171667
2453,9896.936730756452
2454,2204.7409115328546
2455,3218.417993721185
2456,9837.455141060153
2457,8413.544675504872
2458,7097.995453088918
2459,6063.892437685599
2460,2775.072935522845
2461,2692.0592573521067
2462,5511.809257690296
2463,6253.406873353503
2464,12182.34223466451
2465,12295.657392319186
2466,4737.581705073009
2467,4086.431250566634
2468,2890.933797708923
2469,2416.935384511432
2470,6020.836783465505
2471,5862.937701620969
2472,3647.5918388195464
2473,3292.3052064405306
2474,9996.038550936679
2475,8128.24749714234
2476,3136.3055695263215
2477,2743.695525921663
2478,4803.493193714993
2479,2473.518641675752
2480,4412.9654147571355
2481,2516.715672371954
2482,1370.3668364360105
2483,669.791197396848
2484,4218.577911950769
2485,2296.752399786705
2486,4629.697580553838
2487,1822.599817156921
2488,4343.859881998175
2489,1968.7072970884844
2490,3061.5272659865727
2491,1622.3834400573305
2492,3673.8666662861983
2493,1769.034374230678
2494,3960.5731156098013
2495,2072.7596876254543
2496,814.8873528668968
2497,479.55261074646944
2498,3544.9023512167046
2499,1933.3471390555394
2500,1962.4794175837164
2501,1032.0098251485285
2502,1195.8386350440621
2503,633.2324674441641
2504,1967.2662158896933
2505,1186.1071785949275
2506,4399.699288197707
2507,2698.4185255196903
2508,2671.3035826093974
2509,1094.9985912868522
2510,2406.5239520430614
2511,1057.8785153719905
2512,5132.776647163975
2513,2397.43043558613
2514,1827.4481387493736
2515,890.1371084892343
2516,6351.7592967307355
2517,2662.1713055139016
2518,1369.6365016231848
2519,776.869648434992
2520,1196.4496943912732
2521,1193.754534983866
2522,933.4184981875619
2523,990.1291899567567
2524,196.80024672674296
2525,206.0043312401189
2526,632.8772567233881
2527,653.8990290738197
2528,536.8101923660391
2529,524.4452168963004
2530,859.9844944464971
2531,944.8532025199662
2532,929.7643927547098
2533,969.8256511739492
2534,710.0148991619258
2535,778.3412559399532
2536,1263.7039222205633
2537,1276.0190044173312
2538,299.6602560174215
2539,367.65113529623795
2540,1433.6102250955905
2541,1492.8192744359988
2542,1281.193467329831
2543,1284.7095139536705
2544,329.35536792247495
2545,341.37191294096095
2546,705.2227865348873
2547,760.7467323601556
2548,1795.6608028902883
2549,1894.6762298591427
2550,387.28770643204024
2551,445.84983699046694
2552,338.51342375456846
2553,300.8691434798158
2554,532.8866244452671
2555,530.2097317527189
2556,459.3616470918755
2557,567.8425597716456
2558,1113.7596414858397
2559,1103.042928007739
2560,388.7611742368627
2561,458.05538576816
2562,1314.0243138554447
2563,1421.2578008623022
2564,1066.505906777863
2565,1096.415260877847
2566,281.00463278176755
2567,322.9818173096852
2568,726.2522275472749
2569,698.0400730145914
2570,520.0094995935216
2571,582.8874536996287
2572,909.7414843523852
2573,966.7429120088224
2574,971.2830042476472
2575,986.2111735668086
2576,738.6679147441972
2577,875.9009209567074
2578,1437.345137451885
2579,1414.574915424009
2580,340.933962518242
2581,334.575750805534
2582,1690.6878211131889
2583,1840.8749775354174
2584,1139.6770516710565
2585,1259.8921922247916
2586,333.2209890947866
2587,358.493152532138
2588,772.2417165545452
2589,777.2706971574294
2590,1777.5572309454556
2591,1969.8024194703755
2592,397.69286804541576
2593,447.2591085160367
2594,328.63801036960126
2595,365.90841804033215
2596,657.2314371472611
2597,714.6207542180624
2598,437.7528498643532
2599,392.378673093848
2600,1118.9315044869845
2601,1199.2286591573427
2602,529.8291367063482
2603,541.4784368249285
2604,1971.49796128561
2605,2118.5503655902744
2606,1608.378093360296
2607,1657.1975238384068
2608,446.23300403392676
2609,425.0852078725765
2610,1061.183485856858
2611,1113.7456758022615
2612,785.421296224807
2613,836.3473483906686
2614,1261.402349603925
2615,1284.459037543204
2616,1298.2659178132462
2617,1358.66910063172
2618,1147.5029700454377
2619,1210.1059775219512
2620,1686.3385351755965
2621,1815.9184437681279
2622,457.4254149963351
2623,465.7832298010173
2624,2375.4792647600875
2625,2401.5108495300374
2626,1383.5316040348348
2627,1448.8648055352455
2628,542.0074040613262
2629,548.1062765898665
2630,1085.0581152216805
2631,1073.9161374247553
2632,2516.105686944479
2633,2479.0699487874012
2634,613.0006851109563
2635,585.8975340589892
2636,504.45778002385833
2637,499.0821523057832
2638,983.2088836333638
2639,1068.050376580724
2640,452.1412284378006
2641,586.2520282886586
2642,1677.444457361794
2643,1626.7567417989433
2644,770.0595819974324
2645,767.8417107577801
2646,4189.244904173171
2647,4333.225176382712
2648,3425.8486761677805
2649,3365.494919235517
2650,917.5732187314642
2651,1006.1557484472148
2652,2232.654857007335
2653,2149.4204440859376
2654,2129.598167926257
2655,2273.6448659526477
2656,3179.5072845687337
2657,2976.3318336451907
2658,3634.497771772428
2659,3962.964911367546
2660,3115.8306873347155
2661,4613.159542888776
2662,4036.6594183986663
2663,4388.7023417530245
2664,1071.0006113938214
2665,1298.1097908367246
2666,4229.3203285564105
2667,3968.55200100382
2668,3926.150595368077
2669,3504.785008338186
2670,1171.9485733362424
2671,1283.3996730903625
2672,2511.0484629194184
2673,2758.8284310848853
2674,5763.367976003773
2675,5762.029294888084
2676,1914.866328169539
2677,2020.9120229233367
2678,1273.8076559185429
2679,1360.2611929512066
2680,2388.780085065759
2681,2877.4963904287756
2682,2140.7921193766038
2683,2141.190897137096
2684,4407.869702562241
2685,4204.222397104294
2686,1177.0429748944916
2687,1216.5595897979315
2688,9316.746323610047
2689,8608.741985293444
2690,8823.021180918298
2691,7307.753185214299
2692,2502.328699374297
2693,2205.7949608489
2694,5762.337176798526
2695,4717.505765741605
2696,5330.582823066883
2697,4383.194978277438
2698,6936.123562464092
2699,6297.103562337073
2700,7241.926443420038
2701,8255.152377134125
2702,7668.646403057408
2703,9332.928398189497
2704,9332.198909609251
2705,9812.91629313167
2706,2196.182684547252
2707,3219.6592720500994
2708,9817.589590505617
2709,8409.242056501429
2710,7071.1219148391165
2711,6049.030903781867
2712,2762.5739114109033
2713,2683.577842408723
2714,5506.169961249536
2715,6176.413148868904
2716,12163.220476717363
2717,12259.043362401731
2718,4738.505319695478
2719,4089.7174106174903
2720,2898.103322569095
2721,2422.250768181201
2722,6021.1572555486255
2723,5863.5309528231055
2724,3652.571546081461
2725,3289.6102731188516
2726,10008.706905742345
2727,8143.063698011979
2728,3144.2291263247917
2729,2751.50469559374
2730,4817.234440717418
2731,2483.002670007143
2732,4422.482894651365
2733,2532.2944258947005
2734,1377.2972835003843
2735,670.7515671548886
2736,4237.904160963234
2737,2307.0230697667416
2738,4642.453889039751
2739,1834.2218635835216
2740,4362.835809815909
2741,1985.7794034626918
2742,3068.8838700674446
2743,1624.6309008678504
2744,3689.475818147306
2745,1772.569327556085
2746,3968.2957518868006
2747,2075.04921428939
2748,813.4466132556519
2749,480.7597603613957
2750,3558.448276402301
2751,1941.7420966910827
2752,1964.7732507428152
2753,1030.5928724367575
2754,1202.8005343717114
2755,632.3289545313975
2756,1975.1763780109197
2757,1192.6656029840685
2758,4406.195095485903
2759,2698.352824981697
2760,2688.544040113996
2761,1104.429170558905
2762,2414.8975584855802
2763,1065.877318413543
2764,5153.015317149475
2765,2407.9146832697725
2766,1830.1218224959155
2767,890.9233408401792
2768,6380.843662682112
2769,2684.8876266964057
2770,1377.551002899606
2771,779.9392466829814
2772,1184.3932800755613
2773,1180.8842760586156
2774,927.8301192169007
2775,976.5274853459016
2776,192.56144551562494
2777,204.29912837639787
2778,628.4625304565358
2779,640.4272555069724
2780,529.7310912142493
2781,516.0546421837764
2782,841.957387866306
2783,935.6368117270657
2784,919.0668659862228
2785,955.1843286611095
2786,698.7217012996621
2787,765.3542644384265
2788,1244.2813328025206
2789,1279.0324173067734
2790,297.68476636310675
2791,364.5952026331796
2792,1414.3854170278325
2793,1473.5025736594573
2794,1264.5205686109512
2795,1282.644399138496
2796,323.2571144929716
2797,332.84111806273245
2798,694.3853643429778
2799,751.9215296088545
2800,1782.3474114534754
2801,1859.1251177546185
2802,384.56392271011885
2803,439.37043797233565
2804,337.5272446175046
2805,294.9130194923892
2806,524.6845837978492
2807,518.4996776337589
2808,454.5985288680748
2809,560.9714049754742
2810,1094.608384208065
2811,1085.23370229118
2812,387.00074206583884
2813,448.1635124895787
2814,1314.1103534401582
2815,1416.5157679291553
2816,1066.7055409544637
2817,1107.5803847608481
2818,283.24163218445796
2819,322.9790908962686
2820,725.381900973908
2821,697.2474498547415
2822,524.971567269251
2823,579.8057642834513
2824,912.7133196553342
2825,960.6787838470118
2826,961.3014260416096
2827,984.5762880039176
2828,742.5840986357614
2829,885.0648458952588
2830,1430.8162572488588
2831,1399.5832424605983
2832,337.32254341715856
2833,329.8831659239727
2834,1680.3462381533163
2835,1829.8834687935778
2836,1137.764619652451
2837,1247.811541420708
2838,332.5324865931989
2839,359.8657504634762
2840,771.1751007407645
2841,779.7928327979077
2842,1764.4175398410516
2843,1962.5116698216693
2844,391.6704796643675
2845,447.1272334153688
2846,328.36791598987776
2847,372.34292758799813
2848,652.0562460745914
2849,720.2072807236175
2850,431.25747290015937
2851,386.83141767435524
2852,1117.6209545559088
2853,1193.679507658897
2854,524.2661833268929
2855,540.5809875662675
2856,1968.1973562173046
2857,2112.791631105511
2858,1622.2794381631068
2859,1663.699455178475
2860,443.98329242102136
2861,424.4551348171455
2862,1066.5538328349542
2863,1112.2439519274062
2864,790.3359829687125
2865,840.24648534263
2866,1260.4826668449464
2867,1290.1172610862998
2868,1290.9731974561469
2869,1366.476110514136
2870,1143.4115621889418
2871,1201.2241595487928
2872,1682.0896524400648
2873,1808.3668819899995
2874,454.0479293618114
2875,464.0925532974423
2876,2376.6482926928647
2877,2414.68988330897
2878,1383.4571680128195
2879,1446.687011597595
2880,543.4151741869391
2881,539.592060568487
2882,1082.3484820143583
2883,1060.3411431585391
2884,2516.4258183223064
2885,2498.6352081069613
2886,610.7524882432167
2887,586.2107488593659
2888,507.27513055758106
2889,493.29770143196953
2890,988.1586743588994
2891,1072.4639939804358
2892,449.1596562844554
2893,580.3306454922928
2894,1684.319181397748
2895,1641.846835952987
2896,774.9615485745289
2897,773.8815532811687
2898,4188.073991781996
2899,4325.4069873160215
2900,3418.7923418948667
2901,3360.071007371072
2902,919.5725193398443
2903,1014.1044474503749
2904,2226.02505157282
2905,2140.709315127614
2906,2126.026247127906
2907,2259.6349967938086
2908,3164.277477403587
2909,2955.9311498046022
2910,3605.487304500936
2911,3975.870464599494
2912,3105.745511018477
2913,4549.255006540793
2914,4015.2772149959014
2915,4357.930764410976
2916,1066.727796661333
2917,1286.9078426856977
2918,4208.161369154498
2919,3931.243206358565
2920,3900.99554114898
2921,3490.7076978507016
2922,1171.2668189665837
2923,1285.0253068544687
2924,2488.4232999744
2925,2744.417144488541
2926,5711.670000058487
2927,5717.930524677569
2928,1908.1848120750344
2929,2012.0795614141632
2930,1273.6506972410746
2931,1364.1983067883148
2932,2384.52554651625
2933,2864.3799937494537
2934,2111.3504006128333
2935,2106.983817186314
2936,4371.224532704592
2937,4179.255764307473
2938,1167.8684139371753
2939,1207.243696965029
2940,9316.221895312967
2941,8567.418444056902
2942,8836.783663625994
2943,7329.238334505003
2944,2508.385956953847
2945,2233.111679788109
2946,5763.555162459423
2947,4727.425823683001
2948,5325.9954511108135
2949,4403.994180988322
2950,6942.746992304741
2951,6296.175828239506
2952,7240.789428063195
2953,8229.5679196064
2954,7668.339505505048
2955,9203.718941849052
2956,9323.594478089908
2957,9774.830842553454
2958,2190.5872776135893
2959,3225.380325491169
2960,9810.606876345622
2961,8415.601030379497
2962,7069.028368200783
2963,6042.024835801528
2964,2757.071692978704
2965,2664.3791201309227
2966,5502.679009481935
2967,6150.177109627223
2968,12151.717921657159
2969,12242.021817519495
2970,4740.489104409841
2971,4076.650779682172
2972,2893.1774393957626
2973,2426.4115464852575
2974,6031.899601915494
2975,5848.254745352756
2976,3605.484783102891
2977,3259.4499286130863
2978,10016.300599791222
2979,8142.802364206577
2980,3147.9276401513102
2981,2756.764356519864
2982,4830.705908553438
2983,2494.207866544419
2984,4429.073529850019
2985,2543.00498388847
2986,1382.375573545362
2987,674.663268682318
2988,4258.316627875352
2989,2315.4661249696346
2990,4675.421605486227
2991,1852.2482133763115
2992,4378.631171285989
2993,2003.9229431300585
2994,3079.341004739669
2995,1632.0006436433196
2996,3702.9688078124914
2997,1787.0635840720417
2998,3980.092418245239
2999,2082.477801608206
3000,811.5647968192216
3001,480.7765832275706
3002,3562.872657252514
3003,1958.0897868197326
3004,1958.359561020791
3005,1028.579350690874
3006,1210.553806133302
3007,638.8877708821913
3008,1984.7232776220883
3009,1192.1504870820045
3010,4405.606355115742
3011,2696.648099371419
3012,2703.1742420358987
3013,1113.1349540151216
3014,2428.247547085223
3015,1068.7731405482316
3016,5173.749954714445
3017,2423.758785397999
3018,1820.072500893383
3019,886.4503461245837
3020,6412.1171927380965
3021,2695.6431195679747
3022,1391.4258957503823
3023,783.8738763266208
3024,1166.2270057859896
3025,1167.2779217027555
3026,917.6683999039748
3027,956.5505673160144
3028,186.65519885002456
3029,204.57136459279678
3030,616.0803630608885
3031,627.2583382939438
3032,523.734439207673
3033,511.40066858255216
3034,820.6011696500676
3035,917.0927725891659
3036,901.8497015050654
3037,937.1353191659573
3038,688.7784223081532
3039,753.337313031207
3040,1214.4348062491247
3041,1253.5440092971598
3042,289.96092588636185
3043,354.6704429477349
3044,1398.1730770000875
3045,1448.568777067624
3046,1238.8492103234692
3047,1267.6385506975773
3048,315.5351794313295
3049,327.05152358170767
3050,680.4285545058111
3051,742.0810104120548
3052,1751.0395987065376
3053,1830.4120982314812
3054,376.46171271387897
3055,426.2544111879334
3056,331.37133806768765
3057,290.2067054585114
3058,517.7967315013227
3059,515.4436230944816
3060,445.42431052425036
3061,549.7774338005044
3062,1082.3260384055204
3063,1073.4517687856523
3064,374.6062789359556
3065,441.13870452194845
3066,1314.3324075599064
3067,1407.3059641434215
3068,1075.951579404871
3069,1109.8227018706384
3070,283.1368513764514
3071,323.350636745012
3072,723.0978423590659
3073,698.571522236594
3074,528.9735115998321
3075,585.6997365008923
3076,909.388650929845
3077,961.961352919117
3078,954.7359900045738
3079,979.8298520477188
3080,747.5424957242171
3081,886.0247976507035
3082,1427.380092370311
3083,1392.9192928928371
3084,333.8161822293827
3085,324.85159852111417
3086,1677.5228357759706
3087,1824.6810189126636
3088,1134.0298047443282
3089,1245.759003337904
3090,331.51430881574765
3091,360.0030789953382
3092,767.4264658283677
3093,777.8349906493105
3094,1763.367490738987
3095,1962.0016462264919
3096,396.0224502191888
3097,450.4224408681668
3098,327.7914937876506
3099,370.7688707575132
3100,654.7187266476975
3101,720.618309991529
3102,429.79819902567505
3103,385.8349957645053
3104,1115.6951204239133
3105,1199.3566343687824
3106,527.5994898218025
3107,541.8143605304839
3108,1963.5803323314246
3109,2115.476430081676
3110,1624.3639061193162
3111,1662.9803358124225
3112,443.94999563858136
3113,421.6512587727277
3114,1064.1179706335872
3115,1115.1318485586228
3116,794.4592145605201
3117,841.1538535573231
3118,1261.8094691691838
3119,1290.486122188362
3120,1284.1393192443309
3121,1360.7194664766262
3122,1148.440834341886
3123,1200.3388037329898
3124,1675.0361991741884
3125,1796.0995986721387
3126,453.07667229704407
3127,465.0248946307256
3128,2374.4428077589405
3129,2413.971556729192
3130,1381.848003921234
3131,1452.0119080321213
3132,541.4572130539224
3133,537.0881663773257
3134,1068.175208423502
3135,1054.7867864444515
3136,2522.40917263209
3137,2505.0967105795025
3138,610.181890195804
3139,588.6409003420829
3140,508.02997908125593
3141,492.70544029663336
3142,994.1181222819197
3143,1073.2076520429928
3144,449.5909596441076
3145,583.0149483594677
3146,1687.359324604392
3147,1644.4539002434378
3148,775.7995661586524
3149,772.2973253382527
3150,4180.45588843613
3151,4306.575872566125
3152,3418.3292279391826
3153,3358.0497843290646
3154,920.408978398507
3155,1013.6224377878386
3156,2215.3940933434237
3157,2132.7830591372744
3158,2137.2977281987055
3159,2251.1918701688805
3160,3147.9222588195134
3161,2955.9829014578527
3162,3580.3241262946817
3163,3937.2550201922
3164,3109.9762680861827
3165,4475.926918862953
3166,3986.2152922343557
3167,4324.284565367474
3168,1053.4212015977125
3169,1270.3429290813365
3170,4192.509956158383
3171,3920.701092139695
3172,3853.186328986721
3173,3458.5616119543733
3174,1154.74764902663
3175,1272.5619304969825
3176,2475.377863998749
3177,2713.130510173722
3178,5677.104493697953
3179,5672.537234439252
3180,1896.5415451257093
3181,1999.919523365251
3182,1268.220073086053
3183,1363.3782523940047
3184,2383.1547658351615
3185,2855.540271288372
3186,2092.631677020963
3187,2075.463515015893
3188,4339.113795241764
3189,4156.404366832743
3190,1160.7423136067262
3191,1197.6795419340724
3192,9319.27498604122
3193,8540.036741200323
3194,8853.781490345862
3195,7351.5063277257095
3196,2508.7521350180036
3197,2245.85707542759
3198,5762.437618542804
3199,4744.531504122303
3200,5341.785887713856
3201,4419.513045767672
3202,6949.767788591824
3203,6313.634034172476
3204,7224.074489731913
3205,8227.614793036042
3206,7666.893895209359
3207,9115.715858058016
3208,9305.41076539169
3209,9740.861125562371
3210,2177.637128101386
3211,3225.24195622439
3212,9805.712274597805
3213,8402.760244012605
3214,7064.762495664566
3215,6032.297727128539
3216,2756.9386330775915
3217,2654.1290725448625
3218,5498.758373371796
3219,6101.41000966055
3220,12132.250821582938
3221,12179.446975223893
3222,4741.12958698992
3223,4062.681714436223
3224,2899.2975550928445
3225,2436.369382236703
3226,6040.541535577674
3227,5822.621644105253
3228,3626.8782855969184
3229,3265.844137743229
3230,10011.106905123263
3231,8146.7534878148535
3232,3141.6727142197674
3233,2746.072655789821
3234,4852.422671359872
3235,2507.4525848681756
3236,4440.682180830777
3237,2557.8504203928155
3238,1391.7990994236998
3239,681.9239237918913
3240,4275.844111155156
3241,2327.6420012171307
3242,4698.205893143073
3243,1864.7169503388336
3244,4404.065907030792
3245,2031.0606930573665
3246,3092.953399982014
3247,1643.9583805263171
3248,3723.1744366894186
3249,1799.6385187632288
3250,3990.6037125067382
3251,2090.2003938882795
3252,811.3247327049835
3253,484.00724615226164
3254,3576.327531026295
3255,1963.9240029770954
3256,1958.2218289620482
3257,1030.1162531027946
3258,1215.182369149847
3259,642.543695221104
3260,1990.5711444340131
3261,1200.474285427944
3262,4414.430867846795
3263,2702.638156642215
3264,2711.684661801638
3265,1124.4220367364946
3266,2444.5784658915322
3267,1077.408528075321
3268,5194.791162755314
3269,2438.974789485326
3270,1827.5415294663612
3271,893.5843317282945
3272,6446.626605968485
3273,2721.4398546463035
3274,1395.904117423644
3275,789.2397555919657
